sensor,time,value
velocity,22:32:17,111.674659729
acceleration,22:32:17,25.3867874146
rpm_scaled,22:32:17,8
temperature_inside,22:32:17,1.62046217918
temperature_outside,22:32:17,78.1163864136
temperature_electronics,22:32:17,107.712371826
velocity,22:32:19,57.534992218
acceleration,22:32:19,-17.4659633636
rpm_scaled,22:32:19,9
temperature_inside,22:32:19,8.88492774963
temperature_outside,22:32:19,99.6845245361
temperature_electronics,22:32:19,48.1624946594
