sensor,time,value
velocity,18:53:41,87.61693573
acceleration,18:53:41,-9.92836952209
rpm_scaled,18:53:41,5
temperature_inside,18:53:41,72.3430023193
temperature_outside,18:53:41,37.9030532837
temperature_electronics,18:53:41,88.5521697998
velocity,18:53:44,103.462631226
acceleration,18:53:44,-12.4036531448
rpm_scaled,18:53:44,11
temperature_inside,18:53:44,63.4403800964
temperature_outside,18:53:44,38.1973724365
temperature_electronics,18:53:44,104.680755615
