sensor,time,value
velocity,09:56:39,128.590316772
acceleration,09:56:39,-25.3010578156
rpm_scaled,09:56:39,11
temperature_inside,09:56:39,28.7308559418
temperature_outside,09:56:39,36.9931640625
temperature_electronics,09:56:39,56.7871932983
velocity,09:56:41,6.67511463165
acceleration,09:56:41,23.95054245
rpm_scaled,09:56:41,20
temperature_inside,09:56:41,139.714202881
temperature_outside,09:56:41,46.6871490479
temperature_electronics,09:56:41,93.9016952515
