sensor,time,value
velocity,09:52:17,103.574172974
acceleration,09:52:17,8.30292320251
rpm_scaled,09:52:17,52
temperature_inside,09:52:17,67.4075317383
temperature_outside,09:52:17,53.2003936768
temperature_electronics,09:52:17,70.6251449585
velocity,09:52:19,149.056182861
acceleration,09:52:19,-1.24243307114
rpm_scaled,09:52:19,23
temperature_inside,09:52:19,107.289833069
temperature_outside,09:52:19,137.907470703
temperature_electronics,09:52:19,9.00417041779
